,Authors
0,Ben John
1,Mark Brend
2,Andy Squires
3,Mark Brend
4,Liz Lawrence
5,sonia crabb
6,Alex McQueen
7,Rob Butler
8,Tracey Morgan
9,Stephen Down
10,educationgovuk
11,C L
12,Michael Atkinson
13,Gill Houghton
14,theoriginalpseudonym
15,Joanne Rice
16,Daniel Barlow
17,Hafsah Drake
18,Hafsah Drake
19,Hafsah Drake
20,Hafsah Drake
21,Tom TheHammy
22,Jacob Mathew
23,ali ya ali
24,MrSinisterr
25,Quack Doodles
26,rost'n gaming
27,Higloo
28,Sharon Hussain
29,Vince Howells
30,Billy Wilson
31,Linda Ashford
32,headman151
33,P Jones
34,Sillvana Lewis
35,John Speechley
36,emma rylands
37,John Smith
38,Kevin McLaughlin
39,Kerry Mannion
40,Deborah Hogarth
41,The withered Sniper
42,gibriel1000
43,What You Need To Know
44,fantastischfish
45,AssemblyTube
46,Jacob Lydecka
47,Tim Rogers
48,What You Need To Know
49,ISM Rosinka
50,ISM Rosinka
51,ISM Rosinka
52,Sean Mcguinness
53,Golden Memes
54,What You Need To Know
55,oddsocks
56,Chloe Burns
57,carolyn mclernon
58,slippygetbackhere
59,teenyqueen
60,rabele123
61,GeoPar
62,Danny Stubbs
63,Alex Challoner
64,Holly Wickham
65,Cheyen xx
66,taran Bains
67,B lippit
68,rabele123
69,DALTON SUNDERLAND
70,Grainne Jones
71,shiv boss
72,rabele123
73,bear Smithy
74,Beccaa
75,Huw Rees Music
76,Alan Mills
77,Danny Stubbs
78,India Atwal
79,Crash Cam Footage
80,Nick Perry
81,Rob Butler
82,Toby Adams
83,Harry Beaven
84,Maddie Kennedy
85,educationgovuk
86,Miles Berry
87,Tiffin59
88,Luis Ramos Pinto
89,Jason Williams
90,John Viner
91,What You Need To Know
92,Sarah Weldon FRGS
93,Manic Science
94,What You Need To Know
95,What You Need To Know
96,What You Need To Know
97,Shane Brennan
98,Andy
99,Chris Field
100,What You Need To Know
101,Jonny Mark
102,Sarah Bolton
103,What You Need To Know
104,David Fountain
105,stevemusic
106,Rob Butler
107,Liam Stewart
108,What You Need To Know
109,Acidballoons
110,HappyGrecian
111,DELETED
112,What You Need To Know
113,Samantha-jane buxton
114,Sheet Cutter Machine Ginny
115,Eddie Playfair
116,What You Need To Know
117,Tiny Paw
118,What You Need To Know
119,Shaun Kirby
120,HappyGrecian
121,Cambridge Assessment
122,Julian Selman
123,Cambridge Assessment
124,L4LTV
125,Crispin Weston
126,Qadro Rooble
127,supersaiyansoul10
128,SingingStar 21
129,Just God
130,Idrissa Bah
131,23kajkucz
132,LeahPlaysPerry 1011
133,AELP
134,jaks 1513
135,luke
136,DjTriggz
137,reachforacreech
138,kiran seehra
139,Amancay Perez Condori
140,Rayhan Hussain
141,Umar Islam
142,Golden Galient
143,Golden Galient
144,제지
145,제지
146,emiliesmummy1
147,Yusuf Hussain
148,Lorna Bower
149,Nigel Cox
150,Carolyn Field
151,Valelacerte
152,chrisspudster72
153,Dan Eason
154,MrSteel
155,Jimmy CC
156,Louise Hull
157,Cliff Edge
158,Southern Tutors®
159,Mark Turner
160,Mike Downes
161,Michael Moseley
162,Armando7654
163,orsheeboo
164,Wang John
165,Chris Winter
166,David Wright
167,Harry Brewer-Fifield
168,Bertie Morris
169,smarkLack5
170,Avaunderwoodx
171,Toby Mizzi
172,CAS TV
173,aaron davies
174,Jack Carey
175,Tutu Gbajumo
176,helen williams
177,Dawn Heaps
178,Debs Aspland
179,TronTuna 234
180,Protocol Education Ltd
181,Jay Gohil
182,43bikeguy
183,Quinn Gardener
184,Alex Gething
185,Sami Rock
186,Andy Hulse
187,Keith Guilder
188,Sheila Graber
189,Erin Sherman
190,Paul England
191,Yu Chen
192,Reaver
193,Tuigim
194,Matt Dempster
195,EdableTube
196,Barneseh
197,Francis Gill
198,Jamie Goodson
199,Jimmy CC
200,Keith Guilder
201,EdableTube
202,Hatter Mad
203,Chic MSP
204,James Scott
205,PR Heaton
206,Ruby Hill
207,Epping Ongar Railway
208,Harry Pemberton
209,Harry Barlow
210,Ian Phillips
211,itsallnewstome
212,Elise Lambert
213,The Chub
214,William Mercer
215,hazzyboy3
216,hazzyboy3
217,Adrian Copping
218,educationgovuk
219,Helen Lumb
220,educationgovuk
221,Philip Hood
222,jewlzorjay
223,jewlzorjay
224,jewlzorjay
225,Gary Hutson
226,weesh
227,unassumption
228,Jerome Weingart
229,AtheistBaby
230,kinofrost
231,Charlotte Hardacre
232,kinofrost
233,Sean Carey
234,Charlotte Hardacre
235,Ian Lynch
236,Dipen Patel
237,Charlot-sweetie
238,Cathy Clark
239,sonya napthen
240,DMBtomp
241,educationgovuk
242,Charlot-sweetie
243,Marion Brown
244,educationgovuk
245,Kath3nE
246,Andrew Scrivens
247,Yeah IM Totally Ginger
248,Kafka Wilde
249,Starbuck Education
250,Ib Duke
251,John Rudkin
252,Aston Saini
253,L4LTV
254,SchoolGrantsBlog
255,neelakshi khatri
256,Paperclown
257,Adam Higgins
258,Lancastrian
259,avaorchid
260,Angela Lotz
261,Asucker
262,Janrose Ireland
263,nanakomsi komsi
264,Star Light
265,Ursula Smith
266,Random Person
267,Bella Threat
268,Fearful Forkids
269,Cgggclari09
270,Bex Girod
271,Amerikys
272,Ice Pikachu
273,Chanel Evans
274,Joseph Elias
275,Sandra Jeero
276,educationgovuk
277,Djralphyboy1
278,John Forbes
279,Peter Stone
280,Jack Hurst
281,Lucy Fishpool
282,Isobelr Stamp
283,quicker-than-sound
284,Leo's Productions
285,Brandon K
286,educationgovuk
287,P Y Angel
288,Abby and Ethan
289,Karen Jones
290,Raheem Yassen
291,JJBagz
292,Mentha Draugham
293,Starbuck Education
294,Early Years Emily
295,Pascal Usionya
296,Andy Bright
297,XQuartz
298,Rachel Tilley
299,The THRASS Institute Australasia & Canada
300,iOS Gaming
301,David Hornsby
302,Mr Shaddick
303,zylo reaper
304,Rain Spartacus
305,Chris Keniger
306,shree
307,nine77
308,Slytherin 4ever
309,Aaron Elharith
310,Mahir Tazwar
311,anisa begum
312,amy chetwynd
313,gursharan sagoo
314,dani rasab
315,Jada Michael
316,LUCKY A
317,LovelyTurtleGirl 8
318,"10,000 Subscribers Without Any Videos"
319,Kazil Islam
320,nipa begum
321,becca cass
322,I love Kittys 4000
323,Uki PS Teacher
324,Douglas Curtiss
325,Jennifer owen
326,Robin Bowen Bowker
327,Tom Ink
328,Jacklbefc1 JB
329,Whizzkid
330,Sarah Haron
331,Amie Withers
332,DeForestEveland
333,ossama yosif
334,Heyitz Ava
335,Jennifer owen
336,Ricardo Paul
337,Joseph Owusu
338,jinxed1313
339,JA''JAH BLESS
340,Awesome sauce
341,Rafiq El houli
342,Leon Sanjar
343,flotsum1
344,educationgovuk
345,Luciana Angelescu Luca
346,Martin Narey
347,982dance
348,Kaye Pearse
349,educationgovuk
350,Emily Gray
351,The drunk monkey 12
352,"discreet Wood,E."
353,Alan Mills
354,faddy74
355,John Drain
356,Paul Farrell
357,adil
358,brandon jones
359,brandon jones
360,Rajinder Rai
361,Ben NCM
362,Jen Jago
363,Angry Clashers
364,Zahrah's World
365,OMGitslibby
366,Esha Jamal
367,murat bozdag
368,Freedom Teacher
369,Pinkii8899
370,101azz10
371,101azz10
372,educationgovuk
373,Holly Golbourn
374,LhodaKblerz
375,Jack Buckee
376,John Forbes
377,michael sir michael caine OBE
378,educationgovuk
379,Candace E. Ochoa
380,Ciaran Kelly
381,robbie king
382,Charlie Mower
383,Jinx Nicole
384,John Taylor
385,Florence Bosanquet
386,theoutremerlibrary
387,TeamingTwin
388,Flitton's Vlog
389,Debbie Ferrer
390,Mark Crow
391,Zoe Elissia
392,BMP Gaming845910
393,Mark Halford
394,Mark Halford
395,Shahid786 Khan
396,Umar Khan
397,Aastha Kumar
398,Kay G
399,Libby Smith
400,Leo OMG
401,The mini magic Show
402,Mark Halford
403,zac chocrockrr
404,Saara Shahzad
405,Ergodiem
406,Naruto Uzumaki
407,Larissa Mondair
408,Bekay Trent
409,hollo dude
410,Simon Douglas
411,Simon Douglas
412,Erel H L
413,SpankyRavenscroft
414,Chris Davies
415,freereed1959
416,Michael Gillingham
417,Gary Tongue
418,Fedora Wearing Scrublord
419,Gen Kuva
420,og loc
421,ammadeus88
